mechanism,mean_sigma,ci_low,ci_high,reduction_pct
adaptive,0.0012599349054090569,0.0011849009128805526,0.0013276254209190546,14.377501768355414
flat,0.0012874755564889365,0.0012077346810194837,0.0013700345578154351,12.50589765749086
linear,0.0013978460502392831,0.0013228861770393007,0.0014771679059296119,5.00535349017402
off,0.0014714998177236165,0.0013837747319558865,0.0015569345618756316,0.0
